-- DriveFlix local seed database
--
-- This file is a cleaned, UTF-8-friendly version of the original dump.
-- It keeps the current data model and seed data, but removes pg_dump noise.

SET statement_timeout = 0;
SET lock_timeout = 0;
SET idle_in_transaction_session_timeout = 0;
SET transaction_timeout = 0;
SET client_encoding = 'UTF8';
SET standard_conforming_strings = on;
SET check_function_bodies = false;
SET xmloption = content;
SET client_min_messages = warning;
SET row_security = off;

BEGIN;

DROP TABLE IF EXISTS public.pedidos CASCADE;
DROP TABLE IF EXISTS public.carros CASCADE;
DROP TABLE IF EXISTS public.clients CASCADE;
DROP TABLE IF EXISTS public.agentes CASCADE;
DROP TABLE IF EXISTS public.users CASCADE;

CREATE TABLE public.users (
    id BIGINT GENERATED BY DEFAULT AS IDENTITY PRIMARY KEY,
    email VARCHAR(255),
    name VARCHAR(255),
    password VARCHAR(255)
);

CREATE TABLE public.agentes (
    id BIGINT PRIMARY KEY,
    cnpj VARCHAR(255),
    razao_social VARCHAR(255),
    tipo VARCHAR(255),
    CONSTRAINT fk_agentes_user
        FOREIGN KEY (id)
        REFERENCES public.users (id)
        ON DELETE CASCADE
);

CREATE TABLE public.clients (
    id BIGINT PRIMARY KEY,
    address VARCHAR(255),
    cpf VARCHAR(255),
    name VARCHAR(255),
    phone VARCHAR(255),
    rg VARCHAR(255),
    renda DOUBLE PRECISION,
    CONSTRAINT fk_clients_user
        FOREIGN KEY (id)
        REFERENCES public.users (id)
        ON DELETE CASCADE
);

CREATE TABLE public.carros (
    id BIGINT GENERATED BY DEFAULT AS IDENTITY PRIMARY KEY,
    imagem_url VARCHAR(255),
    marca VARCHAR(255),
    modelo VARCHAR(255),
    placa VARCHAR(255),
    preco DOUBLE PRECISION NOT NULL,
    status VARCHAR(255),
    agent_id BIGINT NOT NULL,
    CONSTRAINT fk_carros_agent
        FOREIGN KEY (agent_id)
        REFERENCES public.agentes (id)
);

CREATE TABLE public.pedidos (
    id BIGINT GENERATED BY DEFAULT AS IDENTITY PRIMARY KEY,
    car_id BIGINT NOT NULL,
    client_id BIGINT NOT NULL,
    data_criacao TIMESTAMP(6) WITHOUT TIME ZONE,
    data_inicio DATE,
    data_fim DATE,
    parecer_financeiro VARCHAR(255),
    status VARCHAR(255),
    CONSTRAINT fk_pedidos_car
        FOREIGN KEY (car_id)
        REFERENCES public.carros (id),
    CONSTRAINT fk_pedidos_client
        FOREIGN KEY (client_id)
        REFERENCES public.clients (id)
);

INSERT INTO public.users (id, email, name, password) VALUES
    (1, 'diogo@email.com', NULL, '123456'),
    (3, 'digo@email.com', NULL, '123456'),
    (4, 'v@gmail.com', NULL, '123456'),
    (5, 'agente@driveflix.com', 'Agente Banco', '123456'),
    (6, 'agente@email.com', NULL, '123456'),
    (7, 'cliente@gmail.com', NULL, '123'),
    (21, 'teste', NULL, 'teste'),
    (15, 'agente.sul@driveflix.com', 'Agente Sul', '123456'),
    (16, 'agente.norte@driveflix.com', 'Agente Norte', '123456'),
    (19, 'vinny2@email.com', 'Vinny Vinicius', '123456'),
(   20, 'toshiro@email.com', 'Toshiro', '123456');

INSERT INTO public.agentes (id, cnpj, razao_social, tipo) VALUES
    (6, '123366665589', 'Tambasa', 'EMPRESA'),
    (5, '459988566', '555669999', 'EMPRESA'),
    (15, '11122233344455', 'Agente Driveflix Sul', 'EMPRESA'),
    (16, '55544433322211', 'Agente Driveflix Norte', 'EMPRESA');

INSERT INTO public.clients (id, address, cpf, name, phone, rg, renda) VALUES
    (1, 'Rua A, 123', '12345678900', 'Diogo', '31999999999', '1234567', 0),
    (3, 'Rua A, 123', '12341678900', 'Diogo', '31999999999', '1234527', 1200),
    (4, 'Rua B, 456', '145266548', 'Vinny Vinicius', '319965896', '2365489', 1789),
    (19, 'Rua Cantor Luiz Gonzaga, 462', '14589658741', 'Vinny Vinicius', '2155869658', '5648568', 0),
    (20, 'Rua Cantor Luiz Gonzaga, 462', '12345679123', 'toshiro', '12123456789', '123456799', 0);

INSERT INTO public.carros (id, imagem_url, marca, modelo, placa, preco, status, agent_id) VALUES
    (2, '/uploads/tcross.jpeg', 'Volkswagen', 'T-Cross', 'ABC1A01', 180, 'disponivel', 15),
    (3, '/uploads/tracker.jpeg', 'Chevrolet', 'Tracker', 'ABC1A02', 190, 'disponivel', 15),
    (4, '/uploads/kicks.png', 'Nissan', 'Kicks', 'ABC1A03', 170, 'disponivel', 15),
    (5, '/uploads/etios.jpg', 'Toyota', 'Etios', 'ABC1A04', 120, 'alugado', 15),
    (6, '/uploads/corolla.jpeg', 'Toyota', 'Corolla', 'ABC1A05', 220, 'disponivel', 15),
    (7, '/uploads/compass.jpg', 'Jeep', 'Compass', 'ABC1A06', 280, 'manutencao', 15),
    (8, '/uploads/renagede.jpg', 'Jeep', 'Renegade', 'ABC1A07', 160, 'disponivel', 15),
    (9, '/uploads/fastback.jpg', 'Fiat', 'Fastback', 'ABC1A08', 175, 'disponivel', 15),
    (10, '/uploads/gol.jpg', 'Volkswagen', 'Gol', 'ABC1A09', 100, 'alugado', 15),
    (11, '/uploads/polo.jpg', 'Volkswagen', 'Polo', 'ABC1A10', 130, 'disponivel', 15),
    (12, '/uploads/hr20.jpeg', 'Honda', 'HR-V', 'ABC1A11', 210, 'disponivel', 16),
    (13, '/uploads/pulse.jpg', 'Fiat', 'Pulse', 'ABC1A12', 150, 'disponivel', 16),
    (14, '/uploads/argo.jpeg', 'Fiat', 'Argo', 'ABC1A13', 120, 'disponivel', 16),
    (15, '/uploads/hb20.png', 'Hyundai', 'HB20', 'ABC1A14', 125, 'disponivel', 16),
    (16, '/uploads/onix.jpg', 'Chevrolet', 'Onix', 'ABC1A15', 130, 'alugado', 16),
    (17, '/uploads/kwid.jpeg', 'Renault', 'Kwid', 'ABC1A16', 90, 'disponivel', 16),
    (18, '/uploads/uninho.jpg', 'Fiat', 'Uno', 'ABC1A17', 80, 'manutencao', 16),
    (19, '/uploads/opala1967.jpg', 'Chevrolet', 'Opala', 'ABC1A18', 350, 'disponivel', 16),
    (20, '/uploads/batmobile.jpeg', 'Custom', 'Batmobile', 'BAT1MOB', 1000, 'disponivel', 16),
    (21, '/uploads/mysteryMachine.jpg', 'Custom', 'Mystery Machine', 'SCO0BY1', 400, 'disponivel', 16),
    (22, '/uploads/a7ca382b-ed27-442e-873d-de4758405a11.jpg', 'DeLorean', 'DMC-12', 'ASD-9874', 1100, 'disponivel', 16);

INSERT INTO public.pedidos (id, car_id, client_id, data_criacao, data_inicio, data_fim, parecer_financeiro, status) VALUES
    (1, 2, 4, '2026-04-23 22:15:06.26969', NULL, NULL, 'EM_ANALISE', 'PENDENTE'),
    (2, 22, 4, '2026-04-23 22:23:13.715936', NULL, NULL, 'EM_ANALISE', 'PENDENTE'),
    (3, 4, 4, '2026-04-23 22:34:40.268567', NULL, NULL, 'EM_ANALISE', 'PENDENTE'),
    (5, 18, 3, '2026-04-25 10:40:44.672319', NULL, NULL, 'EM_ANALISE', 'PENDENTE'),
    (6, 12, 4, '2026-04-25 11:25:51.019118', NULL, NULL, 'EM_ANALISE', 'PENDENTE'),
    (7, 2, 1, '2026-04-26 10:00:00.000000', '2026-04-28', '2026-04-30', 'EM_ANALISE', 'PENDENTE'),
    (8, 6, 1, '2026-04-26 10:05:00.000000', '2026-05-01', '2026-05-05', 'EM_ANALISE', 'PENDENTE'),
    (9, 19, 1, '2026-04-26 10:10:00.000000', '2026-05-10', '2026-05-12', 'EM_ANALISE', 'PENDENTE');


SELECT setval('public.users_id_seq', (SELECT COALESCE(MAX(id), 1) FROM public.users), true);
SELECT setval('public.carros_id_seq', (SELECT COALESCE(MAX(id), 1) FROM public.carros), true);
SELECT setval('public.pedidos_id_seq', (SELECT COALESCE(MAX(id), 1) FROM public.pedidos), true);

COMMIT;